{
    "presets": {
        "default": {
            "color_scheme": "blue",
            "show_page_header": "1",
            "show_company_logo": "1",
            "show_company_name": "0",
            "show_client_details": "1",
            "sidebar_balance_enabled": "1",
            "top_menu_dashboard": "1",
            "top_menu_order": "1",
            "top_menu_profile": "1",
            "top_menu_signout": "1",
            "login_page_show_logo": "1",
            "login_page_logo_url": "https:\/\/rainbowitech.com\/ar\/img\/logo-01.png",
            "show_password_reset_link": "1",
            "show_signup_link": "1",
            "login_page_show_remember_me": "1",
            "show_breadcrumb": "1",
            "hide_dashboard_breadcrumb": "1",
            "showcase_enabled": "0",
            "showcase_heading": "\u062c\u062f\u064a\u062f",
            "showcase_text": "\u062a\u062c\u0631\u0628\u0629",
            "showcase_button_title": "\u0625\u0636\u063a\u0637",
            "showcase_button_url": "https:\/\/www.rainbowitech.com",
            "side_menu_dashboard": "1",
            "side_menu_order": "1",
            "side_menu_support": "1",
            "side_menu_services": "1",
            "side_menu_invoices": "1",
            "side_menu_emails": "1",
            "side_menu_payments": "1",
            "sidebar_note_enabled": "0",
            "sidebar_note_title": "\u062a\u0646\u0628\u064a\u0647",
            "sidebar_note_content": "\u062a\u0646\u0628\u064a\u0647 \u062c\u062f\u064a\u062f",
            "meta_title": "",
            "meta_description": "Members area",
            "meta_keywords": "members area",
            "meta_robots": "index, follow",
            "meta_author": "BoxBilling",
            "footer_enabled": "1",
            "footer_to_top_enabled": "1",
            "footer_signature": "",
            "footer_link_1_title": "",
            "footer_link_1_page": "",
            "footer_link_2_title": "",
            "footer_link_2_page": "",
            "footer_link_3_title": "",
            "footer_link_3_page": "",
            "footer_link_4_title": "",
            "footer_link_4_page": "",
            "footer_link_5_title": "",
            "footer_link_5_page": "",
            "inject_javascript": ""
        },
        "juoda": {
            "color_scheme": "dark",
            "show_page_header": "0",
            "show_company_logo": "0",
            "show_company_name": "1",
            "show_client_details": "0",
            "sidebar_balance_enabled": "0",
            "top_menu_dashboard": "1",
            "top_menu_order": "1",
            "top_menu_signout": "1",
            "login_page_show_logo": "1",
            "login_page_logo_url": "\/",
            "show_password_reset_link": "1",
            "show_signup_link": "1",
            "login_page_show_remember_me": "1",
            "show_breadcrumb": "1",
            "hide_dashboard_breadcrumb": "1",
            "showcase_enabled": "0",
            "showcase_heading": "",
            "showcase_text": "",
            "showcase_button_title": "",
            "showcase_button_url": "",
            "side_menu_dashboard": "1",
            "side_menu_order": "1",
            "side_menu_support": "1",
            "side_menu_services": "1",
            "side_menu_invoices": "1",
            "side_menu_emails": "1",
            "side_menu_payments": "1",
            "sidebar_note_enabled": "0",
            "sidebar_note_title": "",
            "sidebar_note_content": "",
            "meta_title": "",
            "meta_description": "Members area",
            "meta_keywords": "members area",
            "meta_robots": "index, follow",
            "meta_author": "BoxBilling",
            "footer_enabled": "1",
            "footer_to_top_enabled": "1",
            "footer_signature": "",
            "footer_link_1_title": "",
            "footer_link_1_page": "",
            "footer_link_2_title": "",
            "footer_link_2_page": "",
            "footer_link_3_title": "",
            "footer_link_3_page": "",
            "footer_link_4_title": "",
            "footer_link_4_page": "",
            "footer_link_5_title": "",
            "footer_link_5_page": "",
            "inject_javascript": ""
        },
        "Test": {
            "color_scheme": "green",
            "show_page_header": "1",
            "show_company_logo": "1",
            "show_company_name": "1",
            "show_client_details": "1",
            "sidebar_balance_enabled": "1",
            "top_menu_dashboard": "1",
            "top_menu_order": "1",
            "top_menu_profile": "1",
            "top_menu_signout": "1",
            "login_page_show_logo": "1",
            "login_page_logo_url": "\/",
            "show_password_reset_link": "1",
            "show_signup_link": "1",
            "login_page_show_remember_me": "1",
            "show_breadcrumb": "1",
            "hide_dashboard_breadcrumb": "1",
            "showcase_enabled": "0",
            "showcase_heading": "Showcase heading",
            "showcase_text": "Showcase text",
            "showcase_button_title": "Showcase button title",
            "showcase_button_url": "Showcase link URL",
            "side_menu_dashboard": "1",
            "side_menu_order": "1",
            "side_menu_support": "1",
            "side_menu_services": "1",
            "side_menu_invoices": "1",
            "side_menu_emails": "1",
            "side_menu_payments": "1",
            "sidebar_note_enabled": "0",
            "sidebar_note_title": "Note title",
            "sidebar_note_content": "Note content",
            "meta_title": "",
            "meta_description": "Members area",
            "meta_keywords": "members area",
            "meta_robots": "index, follow",
            "meta_author": "BoxBilling",
            "footer_enabled": "1",
            "footer_to_top_enabled": "1",
            "footer_signature": "",
            "footer_link_1_enabled": "on",
            "footer_link_1_title": "About us",
            "footer_link_1_page": "about-us",
            "footer_link_2_enabled": "on",
            "footer_link_2_title": "Terms and conditions",
            "footer_link_2_page": "tos",
            "footer_link_3_enabled": "on",
            "footer_link_3_title": "Privacy policy",
            "footer_link_3_page": "privacy-policy",
            "footer_link_4_title": "",
            "footer_link_4_page": "",
            "footer_link_5_title": "",
            "footer_link_5_page": "",
            "inject_javascript": ""
        }
    },
    "current": "default"
}
